frame,time_s,body_x,body_y,far_ep_x,far_ep_y,near_ep_x,near_ep_y,t_along
0,0.0,328,493,303,507,544,1215,-0.006949
1,0.0333,328,493,302,507,544,1215,-0.006466
2,0.0667,328,492,302,507,544,1215,-0.007731
3,0.1,328,492,303,507,544,1215,-0.008215
4,0.1333,328,492,303,507,544,1215,-0.008215
5,0.1667,328,492,302,507,544,1215,-0.007731
6,0.2,328,493,302,507,544,1215,-0.006466
7,0.2333,327,493,302,507,543,1215,-0.006949
8,0.2667,327,492,302,507,543,1215,-0.008215
9,0.3,327,492,302,507,542,1215,-0.008267
10,0.3333,326,491,302,507,542,1215,-0.009963
11,0.3667,326,491,302,507,541,1215,-0.010015
12,0.4,326,491,302,507,541,1216,-0.010018
13,0.4333,326,491,301,507,541,1216,-0.009538
14,0.4667,325,490,301,507,541,1216,-0.011232
15,0.5,325,490,301,507,541,1216,-0.011232
16,0.5333,325,490,301,507,541,1217,-0.011234
17,0.5667,325,490,301,507,541,1217,-0.011234
18,0.6,325,490,301,507,541,1217,-0.011234
19,0.6333,325,490,301,507,541,1217,-0.011234
20,0.6667,325,490,301,507,541,1217,-0.011234
21,0.7,325,490,301,507,541,1218,-0.011236
22,0.7333,325,490,301,507,541,1218,-0.011236
23,0.7667,325,490,301,507,541,1219,-0.011237
24,0.8,325,489,301,507,541,1219,-0.012499
25,0.8333,325,489,301,507,541,1219,-0.012499
26,0.8667,325,488,301,507,541,1220,-0.013759
27,0.9,325,488,301,507,540,1220,-0.013813
28,0.9333,325,489,301,507,540,1220,-0.012552
29,0.9667,326,489,301,507,540,1221,-0.012131
30,1.0333,328,490,301,507,540,1221,-0.010028
31,1.0667,329,492,301,507,540,1222,-0.007096
32,1.1,329,494,301,507,540,1222,-0.00458
33,1.1333,330,495,301,507,540,1222,-0.002901
34,1.1667,330,495,301,507,540,1222,-0.002901
35,1.2,330,495,301,507,540,1222,-0.002901
36,1.2333,330,495,301,507,540,1222,-0.002901
37,1.2667,330,495,301,507,540,1223,-0.002915
38,1.3,330,494,301,507,540,1223,-0.004172
39,1.3333,331,493,301,507,540,1224,-0.005021
40,1.3667,331,492,301,507,540,1224,-0.006276
41,1.4,332,491,301,507,540,1224,-0.007113
42,1.4333,333,491,301,507,541,1224,-0.006633
43,1.4667,335,493,301,507,541,1225,-0.003301
44,1.5,336,495,301,507,541,1225,-0.000377
45,1.5333,336,498,302,507,541,1225,0.002906
46,1.5667,336,499,302,507,541,1226,0.004135
47,1.6,337,500,302,507,541,1226,0.005804
48,1.6333,337,501,302,507,541,1226,0.007056
49,1.6667,338,502,302,507,540,1226,0.00867
50,1.7,338,503,301,507,540,1226,0.010394
51,1.7333,339,502,301,507,540,1226,0.009558
52,1.7667,339,501,301,507,540,1226,0.008305
53,1.8,339,499,301,507,539,1226,0.005739
54,1.8333,340,497,301,507,539,1226,0.003647
55,1.8667,340,496,301,507,539,1225,0.002419
56,1.9,340,497,301,507,538,1225,0.003609
57,1.9333,340,497,301,506,538,1225,0.004837
58,1.9667,341,500,301,506,537,1224,0.008984
59,2.0,341,502,301,506,536,1224,0.011438
60,2.0333,342,504,301,506,536,1224,0.014365
61,2.0667,344,505,301,506,535,1223,0.016428
62,2.1,345,506,301,506,535,1223,0.0181
63,2.1333,346,509,301,505,535,1223,0.023501
64,2.1667,347,509,301,505,535,1222,0.023964
65,2.2,348,511,300,505,535,1222,0.02737
66,2.2333,347,512,300,505,535,1222,0.028216
67,2.2667,348,512,300,505,534,1222,0.028568
68,2.3,347,511,300,504,534,1221,0.028157
69,2.3333,348,509,300,504,534,1221,0.026048
70,2.3667,348,510,300,504,533,1221,0.027246
71,2.4,348,505,299,504,533,1221,0.021417
72,2.4333,348,504,299,504,533,1221,0.020157
73,2.4667,349,504,299,504,533,1220,0.02062
74,2.5,350,504,299,503,533,1220,0.02224
75,2.5333,350,509,299,503,532,1220,0.028476
76,2.5667,351,510,298,503,532,1219,0.03069
77,2.6,352,513,298,502,532,1219,0.036078
78,2.6333,351,513,298,502,531,1219,0.035603
79,2.6667,352,514,298,502,531,1218,0.037348
80,2.7,351,516,297,502,531,1218,0.039936
81,2.7333,352,516,297,501,530,1218,0.041469
82,2.7667,352,518,297,501,530,1217,0.044073
83,2.8,352,516,296,501,530,1217,0.042022
84,2.8333,352,514,296,500,529,1216,0.040695
85,2.8667,353,513,296,500,529,1216,0.039843
86,2.9,353,513,295,500,529,1215,0.040402
87,2.9333,353,513,295,499,528,1215,0.041517
88,2.9667,354,512,295,499,528,1214,0.040745
89,3.0,354,511,294,499,527,1214,0.039893
90,3.0333,354,513,294,498,527,1213,0.043686
91,3.0667,354,517,293,498,526,1212,0.049246
92,3.1,355,520,293,498,526,1212,0.053456
93,3.1333,355,522,292,497,525,1211,0.057667
94,3.1667,355,526,291,497,525,1211,0.063204
95,3.2,356,527,291,497,525,1210,0.064994
96,3.2333,357,533,290,496,524,1210,0.074565
97,3.2667,358,531,290,496,524,1209,0.072572
98,3.3,358,536,289,496,523,1208,0.079448
99,3.3333,357,533,288,495,522,1208,0.076786
100,3.3667,356,528,288,495,522,1207,0.070158
101,3.4,356,528,287,494,521,1206,0.071843
102,3.4333,356,523,286,494,520,1205,0.066037
103,3.4667,356,523,286,493,520,1204,0.067306
104,3.5,355,524,285,493,519,1203,0.068694
105,3.5333,356,528,284,492,517,1202,0.075818
106,3.5667,357,528,283,492,516,1201,0.076783
107,3.6,358,535,282,492,515,1201,0.086531
108,3.6333,358,540,281,491,514,1200,0.094587
109,3.6667,358,542,280,490,513,1199,0.098824
110,3.7,357,544,279,490,511,1198,0.101476
111,3.7333,356,543,278,489,510,1197,0.101476
112,3.7667,357,541,277,489,510,1196,0.099982
113,3.8,357,542,276,489,509,1195,0.101843
114,3.8333,356,538,275,488,507,1194,0.097947
115,3.8667,355,536,274,487,506,1193,0.096668
116,3.9,355,539,273,487,505,1192,0.101088
117,3.9333,355,540,272,486,504,1191,0.104068
118,3.9667,354,539,270,486,503,1190,0.103443
119,4.0,353,538,269,485,501,1189,0.103378
120,4.0333,352,539,268,485,500,1188,0.104829
121,4.0667,351,540,267,484,499,1187,0.107395
122,4.1,350,542,266,484,498,1186,0.110137
123,4.1333,350,545,264,483,496,1185,0.116123
124,4.1667,349,548,263,482,495,1184,0.12126
125,4.2,350,549,262,482,493,1182,0.123726
126,4.2333,350,550,260,481,492,1181,0.12721
127,4.2667,350,552,259,481,490,1180,0.13036
128,4.3,349,556,258,480,489,1179,0.136808
129,4.3333,348,557,257,480,487,1178,0.138262
130,4.3667,348,552,255,479,485,1177,0.133945
131,4.4,346,547,254,478,483,1175,0.128492
132,4.4333,345,548,253,478,482,1175,0.129787
133,4.4667,344,542,251,478,480,1173,0.122841
134,4.5,343,541,250,477,478,1172,0.122772
135,4.5333,342,542,249,476,477,1171,0.12537
136,4.5667,340,543,247,476,475,1170,0.126873
137,4.6,340,549,246,475,473,1169,0.136344
138,4.6333,339,552,244,475,471,1168,0.140897
139,4.6667,338,555,243,474,469,1167,0.146056
140,4.7,338,563,242,474,467,1166,0.15711
141,4.7333,337,564,240,473,465,1165,0.160149
142,4.7667,336,566,239,472,464,1164,0.16407
143,4.8,336,566,238,472,462,1163,0.164702
144,4.8333,335,564,236,471,461,1162,0.163865
145,4.8667,334,562,235,471,460,1161,0.161498
146,4.9,333,560,234,471,459,1160,0.159126
147,4.9333,332,559,233,470,458,1159,0.159126
148,4.9667,332,557,232,469,457,1158,0.158242
149,5.0,331,557,231,469,455,1158,0.158187
150,5.0333,331,557,230,468,455,1158,0.159732
151,5.0667,330,563,229,468,454,1157,0.167851
152,5.1,330,570,228,467,452,1156,0.17873
153,5.1333,331,574,227,467,451,1155,0.185116
154,5.1667,331,578,226,466,450,1155,0.191824
155,5.2,332,582,225,465,449,1154,0.199241
156,5.2333,332,584,224,465,448,1154,0.202293
157,5.2667,333,588,223,465,447,1153,0.20871
158,5.3,332,589,222,465,446,1153,0.210024
159,5.3333,332,587,221,464,445,1152,0.209138
160,5.3667,332,584,221,464,444,1152,0.205159
161,5.4,331,585,220,463,443,1152,0.207476
162,5.4333,331,583,219,463,442,1151,0.205585
163,5.4667,331,580,218,463,441,1151,0.202065
164,5.5,331,579,218,463,441,1151,0.20075
165,5.5333,331,579,217,462,440,1151,0.202183
166,5.5667,333,586,217,462,439,1150,0.212511
167,5.6,336,590,216,462,439,1150,0.219518
168,5.6333,337,597,216,461,438,1150,0.230086
169,5.6667,339,601,215,461,437,1150,0.236616
170,5.7,341,607,215,461,437,1150,0.245353
171,5.7333,344,616,214,461,436,1150,0.258881
172,5.7667,344,619,214,461,436,1150,0.262826
173,5.8,346,624,213,461,435,1150,0.270671
174,5.8333,348,633,213,461,435,1150,0.283352
175,5.8667,348,628,213,461,434,1150,0.276754
176,5.9,348,628,212,461,434,1150,0.277202
177,5.9333,349,622,212,461,433,1151,0.269301
178,5.9667,352,618,212,461,433,1151,0.265306
179,6.0,354,616,211,460,432,1151,0.264855
180,6.0333,354,617,211,460,432,1152,0.265768
181,6.0667,356,622,211,460,432,1152,0.273162
182,6.1,359,628,211,461,431,1152,0.281351
183,6.1333,362,637,210,460,431,1152,0.295764
184,6.1667,364,644,210,460,431,1152,0.305781
185,6.2,368,653,210,461,430,1152,0.318384
186,6.2333,371,654,210,460,430,1152,0.321789
187,6.2667,375,658,210,461,430,1153,0.327396
188,6.3,376,660,210,461,430,1153,0.330438
189,6.3333,376,661,210,461,430,1153,0.33175
190,6.3667,377,663,210,461,430,1153,0.334792
191,6.4,378,661,210,461,430,1153,0.332585
192,6.4333,378,660,209,461,430,1153,0.331733
193,6.4667,378,661,209,461,430,1153,0.333044
194,6.5,379,660,209,461,430,1153,0.332151
195,6.5333,381,663,209,461,430,1153,0.336923
196,6.5667,384,665,209,461,430,1153,0.340802
197,6.6,388,671,209,461,430,1153,0.350345
198,6.6333,391,683,209,461,430,1153,0.367338
199,6.6667,395,693,209,461,430,1153,0.382126
200,6.7,401,696,209,461,430,1153,0.388573
201,6.7333,402,709,209,461,430,1153,0.406039
202,6.7667,406,729,209,461,429,1153,0.433931
203,6.8,410,745,208,461,429,1152,0.457678
204,6.8333,413,753,208,461,429,1152,0.469441
205,6.8667,414,741,208,461,429,1152,0.454106
206,6.9,416,743,208,461,429,1152,0.457572
207,6.9333,417,746,208,461,429,1152,0.46193
208,6.9667,420,747,208,461,429,1152,0.464503
209,7.0,424,734,208,461,429,1151,0.449776
210,7.0333,428,726,207,461,429,1151,0.441414
211,7.0667,429,732,207,461,429,1151,0.449717
212,7.1,433,737,207,461,429,1151,0.457974
213,7.1333,435,749,207,461,429,1151,0.474579
214,7.1667,440,765,206,461,428,1151,0.498127
215,7.2,444,779,206,461,428,1151,0.518204
216,7.2333,448,787,206,461,428,1151,0.530401
217,7.2667,452,790,205,460,427,1150,0.537767
218,7.3,453,802,205,460,427,1150,0.553949
219,7.3333,454,812,205,460,426,1150,0.567509
220,7.3667,454,821,204,460,425,1150,0.57976
221,7.4,454,815,204,460,425,1150,0.571874
222,7.4333,454,809,203,460,424,1149,0.565228
223,7.4667,455,809,203,460,424,1149,0.56565
224,7.5,455,812,202,460,423,1149,0.57002
225,7.5333,456,817,202,459,422,1149,0.577502
226,7.5667,457,821,202,459,422,1148,0.584029
227,7.6,462,836,201,459,421,1148,0.606309
228,7.6333,466,838,201,459,421,1148,0.610625
229,7.6667,471,856,200,459,420,1147,0.637776
230,7.7,476,871,199,459,419,1147,0.660086
231,7.7333,483,873,199,459,419,1147,0.665675
232,7.7667,488,887,199,459,418,1147,0.686268
233,7.8,491,914,198,458,418,1146,0.724854
234,7.8333,495,931,198,458,417,1146,0.749018
235,7.8667,497,948,197,457,417,1146,0.772859
236,7.9,497,947,197,457,416,1146,0.771616
237,7.9333,493,949,196,457,415,1146,0.772996
238,7.9667,495,950,196,457,415,1146,0.775152
239,8.0,495,958,195,457,414,1146,0.786117
240,8.0333,503,967,195,456,414,1145,0.802651
241,8.0667,509,959,194,456,413,1145,0.795038
242,8.1,509,956,194,456,412,1145,0.791142
243,8.1333,529,958,193,456,412,1145,0.802519
244,8.1667,537,975,193,456,411,1145,0.828314
245,8.2,541,994,192,456,411,1145,0.855421
246,8.2333,549,1016,192,456,410,1145,0.887832
247,8.2667,558,1039,192,456,410,1145,0.921933
248,8.3,564,1068,191,455,409,1144,0.964434
249,8.3333,574,1082,191,455,409,1145,0.985677
250,8.3667,579,1091,190,455,409,1144,1.001364
251,8.4,579,1106,190,455,408,1144,1.021247
252,8.4333,583,1095,189,455,408,1144,1.008732
253,8.4667,590,1113,189,455,407,1144,1.035491
254,8.5,587,1114,189,455,407,1144,1.035558
255,8.5333,608,1129,188,455,406,1144,1.064531
256,8.5667,605,1133,188,455,406,1144,1.068556
257,8.6,603,1139,188,455,405,1143,1.07727
258,8.6333,599,1140,187,455,405,1143,1.077233
259,8.6667,601,1139,187,455,405,1143,1.076749
260,8.7,603,1151,187,455,405,1143,1.093436
261,8.7333,607,1197,187,455,404,1143,1.15603
262,8.7667,611,1246,186,455,404,1143,1.222686
263,8.8,614,1252,186,455,403,1143,1.232074
264,8.8333,619,1234,185,455,403,1143,1.210602
265,8.8667,628,1255,185,455,402,1143,1.242294
266,8.9,641,1293,185,454,402,1143,1.297451
267,8.9333,648,1311,185,454,401,1143,1.324341
268,8.9667,645,1337,184,454,401,1143,1.357628
269,9.0,656,1376,184,454,401,1143,1.413698
270,9.0333,654,1386,184,454,400,1143,1.426354
271,9.0667,640,1362,183,454,400,1143,1.388975
272,9.1,640,1326,183,454,400,1144,1.339571
